<?xml version="1.0" encoding="UTF-8"?>
<!--
Nombre: Jose Aranega Fernandez
Curso: 1 DAW 
Fecha: 17/03/25 
Ejercicio: Ejercicio 1 
-->
<marcadores>
    <marcador>
        <nombre>W3Schools</nombre>
        <descripcion>Tutoriales de informática.</descripcion>
        <url>https://www.w3schools.com/</url>
    </marcador>
    <marcador>
        <nombre>Wikipedia</nombre>
        <descripcion>La enciclopedia libre.</descripcion>
        <url>http://www.wikipedia.org/</url>
    </marcador>
    <marcador>
        <nombre>W3C</nombre>
        <descripcion>World Wide Web Consortium.</descripcion>
        <url>http://www.w3.org/</url>
    </marcador>
</marcadores>